name,description,lat,lng,categories
Praia da Marinha,One of the most iconic beaches in the Algarve with stunning cliff formations,37.0893,-8.4107,"beach,viewpoint"
Benagil Cave,Famous sea cave accessible by boat or kayak featuring a natural skylight,37.0872,-8.4234,"nature,adventure"
Ponta da Piedade,Dramatic golden cliffs and rock formations near Lagos,37.0828,-8.6697,"viewpoint,nature"
Praia de Dona Ana,Beautiful beach surrounded by ochre cliffs,37.0931,-8.6710,"beach,viewpoint"
Cape Saint Vincent,The southwestern tip of Europe with dramatic cliffs,37.0227,-8.9957,"viewpoint,nature"
Ria Formosa Natural Park,Lagoon system with diverse wildlife and pristine beaches,37.0167,-7.8167,"nature,adventure"
Praia da Rocha,Popular beach with distinctive rock formations,37.1167,-8.5333,"beach,adventure"
Silves Castle,Well-preserved Moorish castle with museum,37.1894,-8.4400,"castle,culture"
Praia de Faro,Long sandy beach on a barrier island,36.9833,-7.9167,"beach,nature"
Alte Village,Traditional Algarve village with natural springs,37.2333,-8.1833,"culture,gastronomy"
Praia de Odeceixe,River beach meeting the ocean at a scenic bay,37.4432,-8.7962,"beach,nature"
Praia do Camilo,Small beach accessed by wooden stairs through cliffs,37.0950,-8.6683,"beach,viewpoint"
Tavira Island,Barrier island with pristine beaches,37.1167,-7.6333,"beach,nature"
Monchique Mountains,Highest point in the Algarve with thermal springs,37.3167,-8.5500,"nature,adventure"
Lagos Old Town,Historic center with baroque churches and remnants of the slave market,37.1000,-8.6750,"culture,gastronomy"
Cacela Velha,Picturesque clifftop village overlooking the lagoon,37.1600,-7.5450,"viewpoint,culture"
Praia da Falésia,Long stretch of beach with red and ochre cliffs,37.0833,-8.1500,"beach,viewpoint"
Loulé Market,Traditional market selling local produce and crafts,37.1333,-8.0167,"culture,gastronomy"
Praia do Martinhal,Family-friendly beach near Sagres,37.0167,-8.9333,"beach,adventure"
Carvoeiro,Charming fishing village with beautiful cove beaches,37.0944,-8.4722,"beach,culture"
Jerónimos Monastery,Masterpiece of Manueline architecture and UNESCO site,38.6979,-9.2068,"monastery,culture"
Belém Tower,Iconic 16th-century fortification on the Tagus,38.6916,-9.2160,"castle,culture"
Sintra National Palace,Royal residence with distinctive conical chimneys,38.7976,-9.3906,"castle,culture"
Pena Palace,Colorful Romanticist castle atop the Sintra hills,38.7876,-9.3906,"castle,viewpoint"
Quinta da Regaleira,Mystical estate with initiatic wells and gardens,38.7965,-9.3960,"castle,culture"
Cabo da Roca,Westernmost point of mainland Europe,38.7808,-9.4991,"viewpoint,nature"
Cascais,Elegant coastal town with beaches and museums,38.6970,-9.4223,"beach,culture"
Alfama,Historic Moorish neighborhood in Lisbon,38.7118,-9.1300,"culture,gastronomy"
São Jorge Castle,Moorish castle with panoramic views of Lisbon,38.7139,-9.1337,"castle,viewpoint"
Oceanário de Lisboa,One of the largest aquariums in Europe,38.7636,-9.0935,"nature,culture"
LX Factory,Creative hub with restaurants and shops in former factory,38.7035,-9.1780,"culture,gastronomy"
Praça do Comércio,Grand riverside square and gateway to Lisbon,38.7075,-9.1364,"culture,viewpoint"
Time Out Market,Food hall showcasing Portuguese gastronomy,38.7068,-9.1458,"gastronomy,culture"
Miradouro da Senhora do Monte,Highest viewpoint in Lisbon,38.7197,-9.1330,"viewpoint,culture"
National Tile Museum,Stunning collection of Portuguese azulejos,38.7250,-9.1150,"culture,monastery"
Praia de Carcavelos,Popular beach near Lisbon for surfing,38.6775,-9.3378,"beach,adventure"
Guincho Beach,Wild beach known for wind sports,38.7278,-9.4739,"beach,adventure"
Mafra National Palace,Monumental baroque palace and monastery,38.9372,-9.3261,"monastery,castle"
Arrábida Natural Park,Stunning coastline and mediterranean forest,38.4833,-9.0167,"nature,viewpoint"
Sesimbra,Fishing village with castle and beautiful beaches,38.4444,-9.1014,"beach,castle"
University of Coimbra,Historic university and UNESCO World Heritage Site,40.2069,-8.4261,"culture,viewpoint"
Joanina Library,Baroque library with ancient books and resident bats,40.2072,-8.4264,"culture,monastery"
Conímbriga,Best-preserved Roman ruins in Portugal,40.1000,-8.4917,"culture,nature"
Buçaco Forest,Ancient forest with palace hotel and fountains,40.3833,-8.3667,"nature,castle"
Figueira da Foz,Coastal city with one of Europe's widest beaches,40.1508,-8.8618,"beach,culture"
Praia de Mira,Traditional beach town with colorful striped houses,40.4667,-8.8000,"beach,culture"
Serra da Estrela,Portugal's highest mountain range with glacial valley,40.3214,-7.6117,"nature,adventure"
Monsanto,Village built among giant boulders,40.0389,-7.1150,"culture,viewpoint"
Óbidos,Medieval walled town with white houses and ginjinha,39.3622,-9.1571,"castle,culture"
Batalha Monastery,Gothic masterpiece commemorating Portuguese independence,39.6597,-8.8247,"monastery,culture"
Alcobaça Monastery,Cistercian abbey with tombs of Pedro and Inês,39.5481,-8.9786,"monastery,culture"
Nazaré,Fishing town famous for giant waves and traditions,39.6010,-9.0714,"beach,adventure"
Tomar,Templar city with Convent of Christ,39.6036,-8.4089,"monastery,castle"
Peniche,Peninsula town known for surfing and Berlengas,39.3561,-9.3811,"beach,adventure"
Grutas de Mira de Aire,Portugal's largest cave system,39.5333,-8.7167,"nature,adventure"
Fátima,Major Catholic pilgrimage site,39.6311,-8.6747,"monastery,culture"
Leiria Castle,Historic castle overlooking the city,39.7472,-8.8078,"castle,viewpoint"
Aveiro Canals,Venice of Portugal with colorful moliceiro boats,40.6405,-8.6538,"culture,viewpoint"
Costa Nova,Beach town with iconic striped houses,40.6083,-8.7500,"beach,culture"
Praia da Barra,Beach with Portugal's tallest lighthouse,40.6333,-8.7500,"beach,viewpoint"
Clérigos Tower,Baroque tower with panoramic Porto views,41.1458,-8.6146,"viewpoint,culture"
Livraria Lello,Stunning bookshop that inspired Harry Potter,41.1469,-8.6147,"culture,gastronomy"
Ribeira District,UNESCO World Heritage riverside quarter,41.1403,-8.6130,"culture,gastronomy"
Dom Luís I Bridge,Iconic double-deck iron bridge,41.1400,-8.6097,"viewpoint,culture"
Palácio da Bolsa,Neoclassical stock exchange with Arab Room,41.1411,-8.6156,"culture,viewpoint"
São Bento Station,Railway station with famous azulejo panels,41.1456,-8.6100,"culture,viewpoint"
Foz do Douro,Porto's seaside district with fortress,41.1500,-8.6750,"beach,viewpoint"
Serralves,Contemporary art museum and gardens,41.1592,-8.6597,"culture,nature"
Port Wine Cellars,Historic cellars in Vila Nova de Gaia,41.1375,-8.6136,"gastronomy,culture"
Matosinhos Beach,Urban beach famous for seafood restaurants,41.1833,-8.6917,"beach,gastronomy"
Régua,Heart of the Douro wine region,41.1653,-7.7900,"vineyard,viewpoint"
Pinhão,Picturesque village surrounded by terraced vineyards,41.1897,-7.5450,"vineyard,viewpoint"
Quinta do Vallado,Historic wine estate with tastings,41.1750,-7.5500,"vineyard,gastronomy"
São Leonardo da Galafura Viewpoint,Stunning vista over the Douro valley,41.1583,-7.6667,"viewpoint,vineyard"
Foz Côa Archaeological Park,UNESCO site with prehistoric rock art,41.0833,-7.1333,"culture,nature"
Lamego,Historic town with monumental stairway,41.1000,-7.8083,"culture,monastery"
Bom Jesus do Monte,Baroque sanctuary with monumental stairway,41.5547,-8.3769,"monastery,viewpoint"
Guimarães Castle,Birthplace of Portugal and first king,41.4478,-8.2900,"castle,culture"
Palace of the Dukes of Braganza,Medieval palace turned museum,41.4472,-8.2906,"castle,culture"
Braga Cathedral,Oldest cathedral in Portugal,41.5500,-8.4281,"monastery,culture"
Citânia de Briteiros,Iron Age Celtic settlement ruins,41.5250,-8.3167,"culture,nature"
Ponte de Lima,Portugal's oldest town with Roman bridge,41.7667,-8.5833,"culture,viewpoint"
Peneda-Gerês National Park,Only national park with dramatic mountains,41.7500,-8.1667,"nature,adventure"
Lindoso Castle,Medieval castle with unique granaries,41.8667,-8.2000,"castle,nature"
Viana do Castelo,Elegant town with Santa Luzia sanctuary,41.6936,-8.8328,"viewpoint,culture"
Valença,Fortress town on the Spanish border,42.0333,-8.6417,"castle,culture"
Évora Cathedral,Medieval fortress-cathedral,38.5708,-7.9089,"monastery,culture"
Temple of Diana,Well-preserved Roman temple,38.5728,-7.9072,"culture,viewpoint"
Chapel of Bones,Macabre chapel decorated with human bones,38.5694,-7.9089,"monastery,culture"
Almendres Cromlech,Prehistoric stone circle older than Stonehenge,38.5550,-8.0617,"culture,nature"
Monsaraz,Hilltop medieval village with castle,38.4417,-7.3800,"castle,viewpoint"
Alqueva Lake,Europe's largest artificial lake,38.2000,-7.5333,"nature,adventure"
Marvão,Dramatic walled village on mountain peak,39.3933,-7.3767,"castle,viewpoint"
Elvas,UNESCO fortress town near Spanish border,38.8800,-7.1633,"castle,culture"
Estremoz,Marble town with medieval castle,38.8417,-7.5917,"castle,gastronomy"
Beja Castle,Medieval keep with panoramic views,38.0150,-7.8650,"castle,viewpoint"
Vicentine Coast Natural Park,Protected coastline with wild beaches and hiking trails,37.3500,-8.8333,"nature,adventure"
Sagres Fortress,Historic promontory fortress near Cape Saint Vincent,37.0000,-8.9500,"castle,viewpoint"
Portimão,Bustling port city with sardine history and river beach,37.1386,-8.5389,"culture,gastronomy"
Albufeira Old Town,Whitewashed historic center above beach coves,37.0889,-8.2500,"culture,beach"
